
	<!DOCTYPE project [
		<!ELEMENT project (objectids-table | current-scenario | duration | aggregation-period | truncated-mean | percentile)* >
	
		<!ELEMENT objectids-table (objectids-entry)* >
		<!ELEMENT objectids-entry (#PCDATA)>
		<!ELEMENT duration (#PCDATA)>
		<!ELEMENT truncated-mean (#PCDATA)>
		<!ELEMENT percentile (#PCDATA)>
		<!ELEMENT aggregation-period (#PCDATA)>
		<!ELEMENT current-scenario (#PCDATA)>
		<!ATTLIST duration
		    value CDATA #REQUIRED>
	    <!ATTLIST aggregation-period
		    value CDATA #REQUIRED>
		<!ATTLIST objectids-entry
		    objectid CDATA #REQUIRED
		    type CDATA #REQUIRED
		    value CDATA #REQUIRED
		    key CDATA #REQUIRED>
		<!ATTLIST truncated-mean
		    centered-interval CDATA #REQUIRED
		    percentage CDATA #REQUIRED>
		 <!ATTLIST percentile
		    percentage CDATA #REQUIRED>
	]>


<!--****** RUNTIME PROJECT ******--><project>
<!--****** CURRENT SCENARIO ******-->
<current-scenario>scenario1</current-scenario>
<!--****** OBJECTIDS ******-->
<objectids-table>
<objectids-entry key="" objectid="0" type="LG_HOST" value="localhost:7100"/>
<objectids-entry key="" objectid="1" type="ZONE" value="Zone par défaut"/>
<objectids-entry key="Zone par défaut¤Petstore¤" objectid="2" type="POPULATION" value="Petstore"/>
<objectids-entry key="Zone par défaut¤Petstore¤searcher_trycatch" objectid="31" type="VIRTUAL_USER" value="searcher_trycatch"/>
<objectids-entry key="Zone par défaut¤Petstore¤searcher_trycatch" objectid="32" type="BASIC_LOGICAL_CONTAINER" value="$parent=searcher_trycatch;$index=0"/>
<objectids-entry key="Zone par défaut¤Petstore¤searcher_trycatch" objectid="33" type="BASIC_LOGICAL_CONTAINER" value="$parent=searcher_trycatch;$index=1"/>
<objectids-entry key="Zone par défaut¤Petstore¤searcher_trycatch" objectid="34" type="BASIC_LOGICAL_CONTAINER" value="09b64d43-d627-49a6-ac4e-f8643df3c39d"/>
<objectids-entry key="Zone par défaut¤Petstore¤searcher_trycatch" objectid="35" type="HTTP_PAGE" value="0ef2fd8f-e011-42d6-bb7f-dc6c5bd470c7"/>
<objectids-entry key="Zone par défaut¤Petstore¤searcher_trycatch" objectid="36" type="ACTION" value="b5acd898-5fc5-4e76-ab77-29f76f6de0d3"/>
<objectids-entry key="Zone par défaut¤Petstore¤searcher_trycatch" objectid="37" type="HTTP_PAGE" value="6da8f95b-833a-42f2-9ef4-7c102255e92a"/>
<objectids-entry key="Zone par défaut¤Petstore¤searcher_trycatch" objectid="38" type="ACTION" value="1e558f88-1abd-4d23-9bab-4ee5d1277efc"/>
<objectids-entry key="Zone par défaut¤Petstore¤searcher_trycatch" objectid="39" type="LOOP" value="b4b352d1-84a1-46cb-8d5d-1feb1b2fe614"/>
<objectids-entry key="Zone par défaut¤Petstore¤searcher_trycatch" objectid="40" type="BASIC_LOGICAL_CONTAINER" value="f223d80a-96d1-4792-bc8a-813f387246c2"/>
<objectids-entry key="Zone par défaut¤Petstore¤searcher_trycatch" objectid="41" type="HTTP_PAGE" value="72eb4ab1-4a71-419d-9f4f-8a32dd18f038"/>
<objectids-entry key="Zone par défaut¤Petstore¤searcher_trycatch" objectid="42" type="ACTION" value="8b30f586-bd44-4d64-8aff-da7fc2cd547a"/>
<objectids-entry key="Zone par défaut¤Petstore¤searcher_trycatch" objectid="43" type="TRY" value="20d8231c-da27-4930-9ae8-7e5cb84db4e6"/>
<objectids-entry key="Zone par défaut¤Petstore¤searcher_trycatch" objectid="44" type="BASIC_LOGICAL_CONTAINER" value="$parent=20d8231c-da27-4930-9ae8-7e5cb84db4e6;$index=0"/>
<objectids-entry key="Zone par défaut¤Petstore¤searcher_trycatch" objectid="45" type="BASIC_LOGICAL_CONTAINER" value="1221a4f0-6781-4293-ab85-138c27604940"/>
<objectids-entry key="Zone par défaut¤Petstore¤searcher_trycatch" objectid="46" type="HTTP_PAGE" value="33788450-5614-4e6f-acca-2ad976ff2c0d"/>
<objectids-entry key="Zone par défaut¤Petstore¤searcher_trycatch" objectid="47" type="ACTION" value="c33f5543-0d87-457f-9561-69d51bae1cac"/>
<objectids-entry key="Zone par défaut¤Petstore¤searcher_trycatch" objectid="48" type="BASIC_LOGICAL_CONTAINER" value="$parent=20d8231c-da27-4930-9ae8-7e5cb84db4e6;$index=1"/>
<objectids-entry key="Zone par défaut¤Petstore¤searcher_trycatch" objectid="49" type="STOP_VU" value="862c5771-d817-4b21-9e9f-19767a74a8b9"/>
<objectids-entry key="Zone par défaut¤Petstore¤searcher_trycatch" objectid="50" type="BASIC_LOGICAL_CONTAINER" value="f318502c-f001-4a70-bf15-b3220925f525"/>
<objectids-entry key="Zone par défaut¤Petstore¤searcher_trycatch" objectid="51" type="HTTP_PAGE" value="a88aa472-4d8d-4d14-99da-6edd497ee088"/>
<objectids-entry key="Zone par défaut¤Petstore¤searcher_trycatch" objectid="52" type="ACTION" value="92897892-8308-4790-bd7b-c79624727916"/>
<objectids-entry key="Zone par défaut¤Petstore¤searcher_trycatch" objectid="53" type="IF" value="00f6fac4-74c1-45c2-a305-2367bc4ab969"/>
<objectids-entry key="Zone par défaut¤Petstore¤searcher_trycatch" objectid="54" type="BASIC_LOGICAL_CONTAINER" value="$parent=00f6fac4-74c1-45c2-a305-2367bc4ab969;$index=0"/>
<objectids-entry key="Zone par défaut¤Petstore¤searcher_trycatch" objectid="55" type="STOP_VU" value="11964e86-4fa0-4107-bac2-cd949d7ffc35"/>
<objectids-entry key="Zone par défaut¤Petstore¤searcher_trycatch" objectid="56" type="BASIC_LOGICAL_CONTAINER" value="$parent=00f6fac4-74c1-45c2-a305-2367bc4ab969;$index=1"/>
<objectids-entry key="Zone par défaut¤Petstore¤searcher_trycatch" objectid="57" type="JS_ACTION" value="8736f143-fb74-4b5f-a7e2-8a220e6e7363"/>
<objectids-entry key="Zone par défaut¤Petstore¤searcher_trycatch" objectid="58" type="BASIC_LOGICAL_CONTAINER" value="$parent=searcher_trycatch;$index=2"/>
<objectids-entry key="Zone par défaut¤Petstore¤Buyer" objectid="101" type="VIRTUAL_USER" value="Buyer"/>
<objectids-entry key="Zone par défaut¤Petstore¤Buyer" objectid="102" type="BASIC_LOGICAL_CONTAINER" value="$parent=Buyer;$index=0"/>
<objectids-entry key="Zone par défaut¤Petstore¤Buyer" objectid="103" type="BASIC_LOGICAL_CONTAINER" value="$parent=Buyer;$index=1"/>
<objectids-entry key="Zone par défaut¤Petstore¤Buyer" objectid="104" type="TRY" value="8465deaf-b5c6-4c20-b348-b40c2ec1f2e8"/>
<objectids-entry key="Zone par défaut¤Petstore¤Buyer" objectid="105" type="BASIC_LOGICAL_CONTAINER" value="$parent=8465deaf-b5c6-4c20-b348-b40c2ec1f2e8;$index=0"/>
<objectids-entry key="Zone par défaut¤Petstore¤Buyer" objectid="106" type="BASIC_LOGICAL_CONTAINER" value="7b21eb1f-0758-4efd-8c6d-cb24d2bda942"/>
<objectids-entry key="Zone par défaut¤Petstore¤Buyer" objectid="107" type="HTTP_PAGE" value="39167bba-340c-4263-9537-56742cb58047"/>
<objectids-entry key="Zone par défaut¤Petstore¤Buyer" objectid="108" type="ACTION" value="29b5ff57-b77d-4efb-b15c-82734f0dc2b5"/>
<objectids-entry key="Zone par défaut¤Petstore¤Buyer" objectid="109" type="HTTP_PAGE" value="00a609c1-0803-4d1e-882b-9af6b944535a"/>
<objectids-entry key="Zone par défaut¤Petstore¤Buyer" objectid="110" type="ACTION" value="46d31108-043a-4f46-bcf1-308f57593ca8"/>
<objectids-entry key="Zone par défaut¤Petstore¤Buyer" objectid="111" type="HTTP_PAGE" value="4fbbdf1f-84f2-4977-aaa9-9a002fac020b"/>
<objectids-entry key="Zone par défaut¤Petstore¤Buyer" objectid="112" type="ACTION" value="fc917eca-8403-4f9a-bb7a-9ec1f7899dd1"/>
<objectids-entry key="Zone par défaut¤Petstore¤Buyer" objectid="113" type="BASIC_LOGICAL_CONTAINER" value="$parent=8465deaf-b5c6-4c20-b348-b40c2ec1f2e8;$index=1"/>
<objectids-entry key="Zone par défaut¤Petstore¤Buyer" objectid="114" type="STOP_VU" value="c0ff6b45-68aa-4612-b944-c8f89b569093"/>
<objectids-entry key="Zone par défaut¤Petstore¤Buyer" objectid="115" type="BASIC_LOGICAL_CONTAINER" value="e2967cde-fd6b-4eea-8ef9-4457f9650b6a"/>
<objectids-entry key="Zone par défaut¤Petstore¤Buyer" objectid="116" type="HTTP_PAGE" value="f308e2c0-843a-43b3-bd4f-84496389be09"/>
<objectids-entry key="Zone par défaut¤Petstore¤Buyer" objectid="117" type="ACTION" value="f9a6f59c-b63d-4dac-b5ce-339508e404ec"/>
<objectids-entry key="Zone par défaut¤Petstore¤Buyer" objectid="118" type="BASIC_LOGICAL_CONTAINER" value="fcd07822-09cf-40c8-b4d7-dec6df2eefd8"/>
<objectids-entry key="Zone par défaut¤Petstore¤Buyer" objectid="119" type="HTTP_PAGE" value="30e4b072-4a00-423f-a43b-80f2cf334c7c"/>
<objectids-entry key="Zone par défaut¤Petstore¤Buyer" objectid="120" type="ACTION" value="989a3ee5-deb2-4da8-afa2-c96036c5f2e0"/>
<objectids-entry key="Zone par défaut¤Petstore¤Buyer" objectid="121" type="BASIC_LOGICAL_CONTAINER" value="9d2c3708-7bcd-4c98-87f9-eada86f9b986"/>
<objectids-entry key="Zone par défaut¤Petstore¤Buyer" objectid="122" type="HTTP_PAGE" value="a6fd7b2b-038e-4ca2-be90-1e1ff908c3fc"/>
<objectids-entry key="Zone par défaut¤Petstore¤Buyer" objectid="123" type="ACTION" value="60b71a19-29a7-4599-9f68-3cd7732f25f7"/>
<objectids-entry key="Zone par défaut¤Petstore¤Buyer" objectid="124" type="ACTION" value="869d8f87-9716-471b-afdb-962b830ce778"/>
<objectids-entry key="Zone par défaut¤Petstore¤Buyer" objectid="125" type="BASIC_LOGICAL_CONTAINER" value="f807989e-fdc3-4d5c-bbb2-66b7b8036787"/>
<objectids-entry key="Zone par défaut¤Petstore¤Buyer" objectid="126" type="HTTP_PAGE" value="0af9ed8c-802e-4dd9-97e4-1c4af8af79c8"/>
<objectids-entry key="Zone par défaut¤Petstore¤Buyer" objectid="127" type="ACTION" value="b2cf1f91-6d2a-40a4-a36f-f18b769b0976"/>
<objectids-entry key="Zone par défaut¤Petstore¤Buyer" objectid="128" type="BASIC_LOGICAL_CONTAINER" value="6e0b3e4b-dbcf-4f8a-8eeb-9c1847f3f1fe"/>
<objectids-entry key="Zone par défaut¤Petstore¤Buyer" objectid="129" type="HTTP_PAGE" value="ddd9cfc0-e2d6-4fc7-a921-7e48e15d0a3d"/>
<objectids-entry key="Zone par défaut¤Petstore¤Buyer" objectid="130" type="ACTION" value="049c64cd-d64d-42e3-bf94-df19c7289b85"/>
<objectids-entry key="Zone par défaut¤Petstore¤Buyer" objectid="131" type="ACTION" value="2f92f4f3-d056-47b8-b51e-d6de6f75f9fa"/>
<objectids-entry key="Zone par défaut¤Petstore¤Buyer" objectid="132" type="HTTP_PAGE" value="dc1c05b2-685a-407e-b571-f60f8b77b11d"/>
<objectids-entry key="Zone par défaut¤Petstore¤Buyer" objectid="133" type="ACTION" value="76c331ca-9552-4aea-9ed2-b9dcf31dcf6b"/>
<objectids-entry key="Zone par défaut¤Petstore¤Buyer" objectid="134" type="BASIC_LOGICAL_CONTAINER" value="566ef670-2555-4db1-b3a2-2f34ccf35879"/>
<objectids-entry key="Zone par défaut¤Petstore¤Buyer" objectid="135" type="HTTP_PAGE" value="05d91118-62fb-4f4c-8dab-cfc9def0b9bf"/>
<objectids-entry key="Zone par défaut¤Petstore¤Buyer" objectid="136" type="ACTION" value="fcab7f70-9863-4019-aa53-aff9f9b8197f"/>
<objectids-entry key="Zone par défaut¤Petstore¤Buyer" objectid="137" type="BASIC_LOGICAL_CONTAINER" value="a5346f31-369f-4072-b3a9-d90c780da910"/>
<objectids-entry key="Zone par défaut¤Petstore¤Buyer" objectid="138" type="HTTP_PAGE" value="74703b32-5c33-4401-bcdd-63d4580565ff"/>
<objectids-entry key="Zone par défaut¤Petstore¤Buyer" objectid="139" type="ACTION" value="89604c06-4aec-4f1f-91e2-e8089332f9a1"/>
<objectids-entry key="Zone par défaut¤Petstore¤Buyer" objectid="140" type="HTTP_PAGE" value="109dcb16-e3ea-4c0d-80b5-853620a95631"/>
<objectids-entry key="Zone par défaut¤Petstore¤Buyer" objectid="141" type="ACTION" value="71315d52-8e1e-4fe0-83d4-43cc5374127e"/>
<objectids-entry key="Zone par défaut¤Petstore¤Buyer" objectid="142" type="BASIC_LOGICAL_CONTAINER" value="$parent=Buyer;$index=2"/>
<objectids-entry key="¤¤" objectid="143" type="MONITORED_HOST" value="ec2-35-180-181-225.eu-west-3.compute.amazonaws.com"/>
<objectids-entry key="¤¤" objectid="144" type="MONITORCONNECTION" value="ec2-35-180-181-225.eu-west-3.compute.amazonaws.com$mysql"/>
<objectids-entry key="¤¤" objectid="145" type="MONITOR" value="ec2-35-180-181-225.eu-west-3.compute.amazonaws.com$mysql$Connections/ threads connected"/>
<objectids-entry key="¤¤" objectid="146" type="MONITOR" value="ec2-35-180-181-225.eu-west-3.compute.amazonaws.com$mysql$Connections/ aborted clients"/>
<objectids-entry key="¤¤" objectid="148" type="MONITOR" value="ec2-35-180-181-225.eu-west-3.compute.amazonaws.com$mysql$Connections/ aborted connects"/>
<objectids-entry key="¤¤" objectid="150" type="MONITOR" value="ec2-35-180-181-225.eu-west-3.compute.amazonaws.com$mysql$Connections/ max used"/>
<objectids-entry key="¤¤" objectid="151" type="MONITOR" value="ec2-35-180-181-225.eu-west-3.compute.amazonaws.com$mysql$Select Rates/ select full join"/>
<objectids-entry key="¤¤" objectid="153" type="MONITOR" value="ec2-35-180-181-225.eu-west-3.compute.amazonaws.com$mysql$Select Rates/ select range check"/>
<objectids-entry key="¤¤" objectid="154" type="MONITOR" value="ec2-35-180-181-225.eu-west-3.compute.amazonaws.com$mysql$Read Rates/ handler read random"/>
<objectids-entry key="¤¤" objectid="155" type="MONITOR" value="ec2-35-180-181-225.eu-west-3.compute.amazonaws.com$mysql$Read Rates/ handler read random next"/>
<objectids-entry key="¤¤" objectid="156" type="MONITOR" value="ec2-35-180-181-225.eu-west-3.compute.amazonaws.com$mysql$Key Rates/ key reads (disk)"/>
<objectids-entry key="¤¤" objectid="157" type="MONITOR" value="ec2-35-180-181-225.eu-west-3.compute.amazonaws.com$mysql$Key Rates/ key writes (disk)"/>
<objectids-entry key="¤¤" objectid="158" type="MONITOR" value="ec2-35-180-181-225.eu-west-3.compute.amazonaws.com$mysql$Commands Rates/ handler rollback"/>
<objectids-entry key="¤¤" objectid="159" type="MONITOR" value="ec2-35-180-181-225.eu-west-3.compute.amazonaws.com$mysql$Commands Rates/ handler savepoint rollback"/>
<objectids-entry key="¤¤" objectid="160" type="MONITOR" value="ec2-35-180-181-225.eu-west-3.compute.amazonaws.com$mysql$Tables/ opened tables"/>
<objectids-entry key="¤¤" objectid="161" type="MONITOR" value="ec2-35-180-181-225.eu-west-3.compute.amazonaws.com$mysql$Tables/ table locks waited"/>
<objectids-entry key="¤¤" objectid="163" type="MONITOR" value="ec2-35-180-181-225.eu-west-3.compute.amazonaws.com$mysql$Memory/ % key buffer size"/>
<objectids-entry key="¤¤" objectid="165" type="MONITOR" value="ec2-35-180-181-225.eu-west-3.compute.amazonaws.com$mysql$Misc./ slow queries"/>
<objectids-entry key="¤¤" objectid="167" type="MONITOR" value="ec2-35-180-181-225.eu-west-3.compute.amazonaws.com$mysql$Misc./ slow launch threads"/>
<objectids-entry key="¤¤" objectid="168" type="MONITOR" value="ec2-35-180-181-225.eu-west-3.compute.amazonaws.com$mysql$Misc./ sort merge passes"/>
<objectids-entry key="¤¤" objectid="170" type="MONITOR" value="ec2-35-180-181-225.eu-west-3.compute.amazonaws.com$mysql$Misc./ not flushed delayed rows"/>
<objectids-entry key="¤¤" objectid="171" type="MONITOR" value="ec2-35-180-181-225.eu-west-3.compute.amazonaws.com$mysql$Description/ Database Version"/>
<objectids-entry key="¤¤" objectid="172" type="MONITORCONNECTION" value="ec2-35-180-181-225.eu-west-3.compute.amazonaws.com$tomcat"/>
<objectids-entry key="¤¤" objectid="173" type="MONITOR" value="ec2-35-180-181-225.eu-west-3.compute.amazonaws.com$tomcat$ThreadPool/-http-nio-0.0.0.0-8081-/currentThreadsBusy"/>
<objectids-entry key="¤¤" objectid="175" type="MONITOR" value="ec2-35-180-181-225.eu-west-3.compute.amazonaws.com$tomcat$VM/Memory/% Used"/>
<objectids-entry key="¤¤" objectid="177" type="MONITORED_HOST" value="NeoLoad"/>
<objectids-entry key="¤¤" objectid="178" type="MONITORCONNECTION" value="NeoLoad$NeoLoad"/>
<objectids-entry key="¤¤" objectid="179" type="MONITOR" value="NeoLoad$NeoLoad$UserLoad"/>
<objectids-entry key="¤¤" objectid="180" type="MONITOR" value="NeoLoad$NeoLoad$throughput"/>
<objectids-entry key="¤¤" objectid="181" type="MONITOR" value="NeoLoad$NeoLoad$Alerts"/>
<objectids-entry key="¤¤" objectid="182" type="MONITOR" value="NeoLoad$NeoLoad$CriticalAlerts"/>
<objectids-entry key="¤¤" objectid="183" type="MONITOR" value="NeoLoad$NeoLoad$WarningAlerts"/>
<objectids-entry key="¤¤" objectid="184" type="MONITOR" value="NeoLoad$NeoLoad$cpu"/>
<objectids-entry key="¤¤" objectid="186" type="MONITOR" value="NeoLoad$NeoLoad$memory"/>
<objectids-entry key="¤¤" objectid="188" type="MONITOR" value="NeoLoad$NeoLoad$threadcount"/>
<objectids-entry key="¤¤" objectid="189" type="MONITOR" value="NeoLoad$NeoLoad$connectedlg"/>
<objectids-entry key="¤¤" objectid="190" type="MONITOR" value="NeoLoad$NeoLoad$totallgdisconnections"/>
<objectids-entry key="¤¤" objectid="192" type="MONITOR" value="NeoLoad$NeoLoad$totallgreconnections"/>
<objectids-entry key="¤¤" objectid="193" type="MONITOR" value="NeoLoad$NeoLoad$otcp.NeoLoad"/>
<objectids-entry key="¤¤" objectid="194" type="MONITOR" value="NeoLoad$NeoLoad$tcp.NeoLoad"/>
<objectids-entry key="¤¤" objectid="195" type="MONITOR" value="NeoLoad$NeoLoad$ibytesperinterface~NeoLoad~wlan1"/>
<objectids-entry key="¤¤" objectid="196" type="MONITOR" value="NeoLoad$NeoLoad$obytesperinterface~NeoLoad~wlan1"/>
<objectids-entry key="¤¤" objectid="197" type="MONITOR" value="NeoLoad$NeoLoad$ibytesperinterface~NeoLoad~eth4"/>
<objectids-entry key="¤¤" objectid="198" type="MONITOR" value="NeoLoad$NeoLoad$obytesperinterface~NeoLoad~eth4"/>
<objectids-entry key="¤¤" objectid="199" type="MONITOR" value="NeoLoad$NeoLoad$ibytesperinterface~NeoLoad~eth3"/>
<objectids-entry key="¤¤" objectid="200" type="MONITOR" value="NeoLoad$NeoLoad$obytesperinterface~NeoLoad~eth3"/>
<objectids-entry key="¤¤" objectid="201" type="MONITOR" value="NeoLoad$NeoLoad$ibytesperinterface~NeoLoad~eth2"/>
<objectids-entry key="¤¤" objectid="202" type="MONITOR" value="NeoLoad$NeoLoad$obytesperinterface~NeoLoad~eth2"/>
<objectids-entry key="¤¤" objectid="203" type="MONITOR" value="NeoLoad$NeoLoad$ibytesperinterface~NeoLoad~wlan2"/>
<objectids-entry key="¤¤" objectid="204" type="MONITOR" value="NeoLoad$NeoLoad$obytesperinterface~NeoLoad~wlan2"/>
<objectids-entry key="¤¤" objectid="205" type="MONITOR" value="NeoLoad$NeoLoad$nlwebdownload"/>
<objectids-entry key="¤¤" objectid="206" type="MONITOR" value="NeoLoad$NeoLoad$nlwebupload"/>
<objectids-entry key="¤¤" objectid="207" type="MONITOR" value="NeoLoad$NeoLoad$SapUserLoad"/>
<objectids-entry key="¤¤" objectid="208" type="MONITOR" value="NeoLoad$NeoLoad$CitrixUserLoad"/>
<objectids-entry key="¤¤" objectid="209" type="MONITOR" value="NeoLoad$NeoLoad$zoneuserload~Zone par défaut"/>
<objectids-entry key="¤¤" objectid="210" type="MONITOR" value="NeoLoad$NeoLoad$zoneuserloadperpopulation~Zone par défaut~Petstore"/>
<objectids-entry key="¤¤" objectid="211" type="MONITOR" value="NeoLoad$NeoLoad$zoneuserloadperpopulation~Zone par défaut~Petstore~searcher_trycatch"/>
<objectids-entry key="¤¤" objectid="212" type="MONITOR" value="NeoLoad$NeoLoad$zoneuserloadperpopulation~Zone par défaut~Petstore~Buyer"/>
<objectids-entry key="¤¤" objectid="213" type="MONITORED_HOST" value="Injecteur localhost:7100"/>
<objectids-entry key="¤¤" objectid="214" type="MONITORCONNECTION" value="Injecteur localhost:7100$NeoLoad"/>
<objectids-entry key="¤¤" objectid="215" type="MONITOR" value="Injecteur localhost:7100$NeoLoad$lgcpu.localhost:7100"/>
<objectids-entry key="¤¤" objectid="217" type="MONITOR" value="Injecteur localhost:7100$NeoLoad$lgmemory.localhost:7100"/>
<objectids-entry key="¤¤" objectid="219" type="MONITOR" value="Injecteur localhost:7100$NeoLoad$lgthroughput.localhost:7100"/>
<objectids-entry key="¤¤" objectid="220" type="MONITOR" value="Injecteur localhost:7100$NeoLoad$lguserloadperpopulation~localhost:7100"/>
<objectids-entry key="¤¤" objectid="221" type="MONITOR" value="Injecteur localhost:7100$NeoLoad$lgthreadcount.localhost:7100"/>
<objectids-entry key="¤¤" objectid="222" type="MONITOR" value="Injecteur localhost:7100$NeoLoad$lg.jetty.httpclient.threadpool.used.localhost:7100"/>
<objectids-entry key="¤¤" objectid="223" type="MONITOR" value="Injecteur localhost:7100$NeoLoad$lg.jetty.httpclient.taskpool.used.localhost:7100"/>
<objectids-entry key="¤¤" objectid="225" type="MONITOR" value="Injecteur localhost:7100$NeoLoad$lgdisconnections.localhost:7100"/>
<objectids-entry key="¤¤" objectid="226" type="MONITOR" value="Injecteur localhost:7100$NeoLoad$lgreconnections.localhost:7100"/>
<objectids-entry key="¤¤" objectid="227" type="MONITOR" value="Injecteur localhost:7100$NeoLoad$lgping.localhost:7100"/>
<objectids-entry key="¤¤" objectid="228" type="MONITOR" value="Injecteur localhost:7100$NeoLoad$lgotcp.localhost:7100"/>
<objectids-entry key="¤¤" objectid="229" type="MONITOR" value="Injecteur localhost:7100$NeoLoad$lgtcp.localhost:7100"/>
<objectids-entry key="¤¤" objectid="230" type="MONITOR" value="Injecteur localhost:7100$NeoLoad$lgibytesperinterface~localhost:7100~wlan1"/>
<objectids-entry key="¤¤" objectid="231" type="MONITOR" value="Injecteur localhost:7100$NeoLoad$lgobytesperinterface~localhost:7100~wlan1"/>
<objectids-entry key="¤¤" objectid="232" type="MONITOR" value="Injecteur localhost:7100$NeoLoad$lgibytesperinterface~localhost:7100~eth4"/>
<objectids-entry key="¤¤" objectid="233" type="MONITOR" value="Injecteur localhost:7100$NeoLoad$lgobytesperinterface~localhost:7100~eth4"/>
<objectids-entry key="¤¤" objectid="234" type="MONITOR" value="Injecteur localhost:7100$NeoLoad$lgibytesperinterface~localhost:7100~eth3"/>
<objectids-entry key="¤¤" objectid="235" type="MONITOR" value="Injecteur localhost:7100$NeoLoad$lgobytesperinterface~localhost:7100~eth3"/>
<objectids-entry key="¤¤" objectid="236" type="MONITOR" value="Injecteur localhost:7100$NeoLoad$lgibytesperinterface~localhost:7100~eth2"/>
<objectids-entry key="¤¤" objectid="237" type="MONITOR" value="Injecteur localhost:7100$NeoLoad$lgobytesperinterface~localhost:7100~eth2"/>
<objectids-entry key="¤¤" objectid="238" type="MONITOR" value="Injecteur localhost:7100$NeoLoad$lgibytesperinterface~localhost:7100~wlan2"/>
<objectids-entry key="¤¤" objectid="239" type="MONITOR" value="Injecteur localhost:7100$NeoLoad$lgobytesperinterface~localhost:7100~wlan2"/>
<objectids-entry key="¤¤" objectid="240" type="THRESHOLD" value="NeoLoad$NeoLoad$7a666de7-8ba6-4f2a-9ddb-480c3523f70b"/>
<objectids-entry key="¤¤" objectid="241" type="THRESHOLD" value="NeoLoad$NeoLoad$cd61467c-5293-42f8-bbae-b7e5f68fc6f2"/>
<objectids-entry key="¤¤" objectid="242" type="THRESHOLD" value="NeoLoad$NeoLoad$7f995129-55f9-42ba-86b6-e8ea24a6ca24"/>
<objectids-entry key="¤¤" objectid="243" type="THRESHOLD" value="ec2-35-180-181-225.eu-west-3.compute.amazonaws.com$mysql$2b6579c5-c517-484c-ba52-f290b3f8eaad"/>
<objectids-entry key="¤¤" objectid="244" type="THRESHOLD" value="ec2-35-180-181-225.eu-west-3.compute.amazonaws.com$mysql$15f5b740-fc5c-4ad8-91cc-4a16d2982d54"/>
<objectids-entry key="¤¤" objectid="245" type="THRESHOLD" value="ec2-35-180-181-225.eu-west-3.compute.amazonaws.com$mysql$884b644f-80b1-421a-927a-7c6ac852effc"/>
<objectids-entry key="¤¤" objectid="246" type="THRESHOLD" value="ec2-35-180-181-225.eu-west-3.compute.amazonaws.com$mysql$fed53255-e1a3-4515-ba14-ad7e39501fbd"/>
<objectids-entry key="¤¤" objectid="247" type="THRESHOLD" value="ec2-35-180-181-225.eu-west-3.compute.amazonaws.com$mysql$66ec0d6b-a5a1-4438-8008-123a64354f29"/>
<objectids-entry key="¤¤" objectid="248" type="THRESHOLD" value="ec2-35-180-181-225.eu-west-3.compute.amazonaws.com$mysql$9d8096cc-a825-4847-a62e-53e3b457b4f5"/>
<objectids-entry key="¤¤" objectid="249" type="THRESHOLD" value="ec2-35-180-181-225.eu-west-3.compute.amazonaws.com$mysql$62ffca1a-49da-4d01-bf9c-c305b06faee8"/>
<objectids-entry key="¤¤" objectid="250" type="THRESHOLD" value="ec2-35-180-181-225.eu-west-3.compute.amazonaws.com$tomcat$d57ccf52-9915-4cf8-8e9b-0e540bede63d"/>
<objectids-entry key="¤¤" objectid="251" type="THRESHOLD" value="ec2-35-180-181-225.eu-west-3.compute.amazonaws.com$tomcat$2995a23e-ea16-4f81-a039-5072de58dbd5"/>
<objectids-entry key="¤¤" objectid="252" type="THRESHOLD" value="Injecteur localhost:7100$NeoLoad$e0ae35f0-aa8a-464d-8480-e49e100b22a5"/>
<objectids-entry key="¤¤" objectid="253" type="THRESHOLD" value="Injecteur localhost:7100$NeoLoad$4f7d00ac-888c-478d-b815-6edddc0445a5"/>
<objectids-entry key="¤¤" objectid="254" type="THRESHOLD" value="Injecteur localhost:7100$NeoLoad$e932401b-c75f-4ce4-82d1-273364982bfb"/>
</objectids-table>
<!--****** DURATION ******-->
<duration value="300083"/>
<!--****** AGGREGATION PERIOD ******-->
<aggregation-period value="1000"/>
<!--****** EXTENDED STATISTICS ******-->
<truncated-mean centered-interval="true" percentage="90"/>
<percentile percentage="50"/>
</project>
